{"cameraMode":{"drawMode":0,"name":"Shaded","section":"Shading Mode"},"sceneLighting":true,"audioPlay":false,"sceneViewState":{"m_AlwaysRefresh":false,"showFog":true,"showSkybox":true,"showFlares":true,"showImageEffects":true,"showParticleSystems":true,"showVisualEffectGraphs":true,"m_FxEnabled":true},"in2DMode":false,"pivot":{"x":32.98307800292969,"y":29.673538208007814,"z":70.53209686279297},"rotation":{"x":0.14593367278575898,"y":0.8534716963768005,"z":-0.3707510530948639,"w":0.33593299984931948},"size":10.556575775146485,"orthographic":false}